Alfa,CotaError,MaxIteraciones,iteracion,Iguales Exactas,Parecidas,Iguales Exactas Test,Parecidas Test
0.0010,0.000100,500,188,10,58,3,12
0.0010,0.001000,500,68,5,41,0,12
0.0010,0.010000,500,2,57,57,15,15
0.0010,0.100000,500,2,73,73,18,18
0.0010,0.000100,1000,208,14,64,5,10
0.0010,0.001000,1000,63,0,39,0,8
0.0010,0.010000,1000,2,74,74,15,15
0.0010,0.100000,1000,2,66,66,17,17
